titre,artiste,track_id,album_release_date
I CAN’T WAIT (feat. Ms. Lauryn Hill),Kanye West,6ImNhLq3RabOnEHfoRdvd4,2026-06-19
MISSION CONTROL,Kanye West,040LDuJ8MWKKhV9Fdwc64N,2026-06-19
OK (feat. Don Toliver),Kanye West,5UNo2nitxVTkBA9QYmnHJx,2026-06-19
THIS ONE HERE,Kanye West,074zpqGrIdEYzGQAFZfDp1,2026-06-19
BULLY (feat. CeeLo Green),Kanye West,5IEZWP7whsJw543CFDqiAc,2026-06-19
MAMA’S FAVORITE (feat. Nine Vicious),Kanye West,7qsjL36A88SfiKCiMNGw1O,2026-06-19
THIS A MUST,Kanye West,4rFi7Ws4b32pPSnqGDwbCc,2026-06-19
Threat of Joy,The Strokes,37ZgsOy8t4vMnGtMExr6ah,2016-06-03
Bulls In The Bronx,Pierce The Veil,23UoI3jlFiWdo5jadUYo69,2012-07-17
Journey To The Real World (From Barbie The Album),Tame Impala,5xQjhPfF0J455duKo2Bv9w,2023-07-21
A Match Into Water,Pierce The Veil,54MXF9I8s3DuiQo3g0gZ5k,2012-07-17
So Far So Fake,Pierce The Veil,3fWibgdtgIie6LKTZ2rUoI,2023-02-10
Crown,Kendrick Lamar,4zMxWSP2qZUy5CBCH5PdzZ,2022-05-13
Instant Crush (feat. Julian Casablancas),Daft Punk,2cGxRwrMyEAp8dEbuZaVv6,2013-05-20
القناص,Qideyt,5mf64OCpaDxrTLSMdQmzWH,2021-01-14
E85,Don Toliver,1udOZftd1UOs5WTDPrG97k,2026-01-29
Gemstone,Don Toliver,1dxLaa1LnR7GjbFfJ3dn7U,2026-01-29
Long Way To Calabasas,Don Toliver,4d9XgQUSJCThHbH016Lb3X,2026-01-29
Excavator,Don Toliver,3AMs5vBhy3nCm1lzWiWazx,2026-01-29
ATM,Don Toliver,5PQhyaQi0sevQDdprCxa3s,2026-01-29
Paint Me Silver,Pond,6R7kT8LRDEeQIuXYyYDENc,2018-10-01
Heart In a Cage,The Strokes,5WdoLq8eamkOf2LyYzvLbN,2006-01-15
"I'll Try Anything Once (""You Only Live Once"" demo) - Heart In a Cage B-Side",The Strokes,3wJpoTNAR3pURNjZV6j6VQ,2006-01-15
Space Dementia,Muse,00jXDm9BLNZdf2QC3Br0r7,2001
10 Lovers,The Black Keys,5HPnumlogzZtpLEaORZjz1,2014-05-06
All the Rage Back Home,Interpol,6cnw3JOLMgBYA2PLydO8mU,2014-09-09
Vital Signs - Tame Impala Cover,Midnight Juggernauts,1FsPinqSsFnPIKXfm8SHJM,2010-05-28
(Nice Dream),Radiohead,1tZcw7GtIqviL32bzaKdSo,1995-03-13
Oblivius,The Strokes,6y4ySPeb68KGoAi1dk130F,2016-06-03
King For A Day,Pierce The Veil,1IT0WQk5J8NsaeII8ktdlZ,2012-07-17
Automatic Stop,The Strokes,6DUKQUhWqUySYngLXLNwP2,2003-10-28
Reptilia,The Strokes,57Xjny5yNzAcsxnusKmAfA,2003-10-28
TMU,Don Toliver,588gFLoYJdlQ9zLSuR3IpJ,2026-01-30
Back Home,Yeat,5GyqZMCl8N2VhXikvhkz75,2026-06-04
FTC,Joji,3BBL1ARer19QsocJISgJvP,2026-06-04
Redeeming Qualities (with Corbin),Joji,5WrZTkRibPJ4ClNrw2TeBa,2026-06-04
Blah Blah,Joji,42D9aaKTLw47faFhRCQfHF,2026-06-04
Bluffin' (with The Kid LAROI),Joji,0eh0TQK1S209s9kovG0EWf,2026-06-04
DYKILY (2017 Demo Version),Joji,0XnLz9p0BIxiuZmYphZ8Lo,2026-06-04
"I'll Try Anything Once (""You Only Live Once"" demo) - Heart In a Cage B-Side",The Strokes,1L0C3xvOtzHSOSZ5T59n0L,2023-02-24
I Can't Win,The Strokes,7eX5SypK35V8Y9d9pS6rWy,2003-10-28
You Talk Way Too Much,The Strokes,6lnnaGN20kl0jEYJSxCgU9,2003-10-28
12:51,The Strokes,6Yu1OL8I0D4vjOzYdsXYGK,2003-10-28
80's Comedown Machine,The Strokes,2lffRiAET2Xt6BNb4EmkS2,2013-03-25
"Call It Fate, Call It Karma",The Strokes,3Y4rUyw7XBCK6hGHCOt6rp,2013-03-25
Partners In Crime,The Strokes,2ncRH1zCER8iHXYhlHXyam,2013-03-25
One Way Trigger,The Strokes,5GKVcvTgnFYtfh25qKQtRg,2013-03-25
The Eternal Tao 2.0,The Voidz,7EqgmAtc8R9eH17aUayxL8,2021-04-01
Sundown Syndrome,Tame Impala,3ZuT0Evo8chdVM6rPXXqgd,2009-01-01
Jet Stream Heart,Temples,0tIi8FsNFChexzMAkkjCcE,2026-02-20
If You Want Me To Show You,CASZT,3rwOGx49GbWafi1m0ZhKZx,2026-04-17
The Bold Arrow Of Time,Tame Impala,7r7yAFxq6CwakQB5NrJskh,2010-05-21
Expectation,Tame Impala,1FnHpM2zimTALdIvuxFoNM,2010-05-21
Solitude Is Bliss,Tame Impala,2a2MbiJN2skOxohykOVcss,2010-05-21
Why Won't You Make Up Your Mind?,Tame Impala,4SgcE7RxpK3ydWrjoAQH1K,2010-05-21
Alter Ego,Tame Impala,6SmV1Oo24nCZBPzIYkL4HZ,2010-05-21
It Is Not Meant To Be,Tame Impala,3Yub3anoLj8w58TVpEXUJv,2010-05-21
Desire Be Desire Go,Tame Impala,58tlMmF2L9h3NKwn07sV7N,2008-01-01
What Ever Happened?,The Strokes,78Gzxi27GuNHTfkn2BylG4,2003-10-28
The Eternal Tao,The Voidz,59vA0TcuS2xTyAQh7lsPi6,2019-05-29
Square Wave,The Voidz,2L5IV1QFrY4S3A6oyO8vOq,2024-09-20
Overture,The Voidz,1LgsXA4a4D7i9tvMeiziIq,2024-09-20
Pyramid of Bones,The Voidz,0tfvDUmADEEEqrPcRJNT29,2018-03-30
"Lose My Cool,",Kali Uchis,54Z2Nr6JA67vqyNAWVYlBD,2025-05-09
Falling out of Love,The Strokes,4ZxlsIHhSxQkbwKTZ76xu0,2026-05-13
SI NO ES CONTIGO - REMIX,Cris MJ,4MAv7MqIlcaTBHGiUXIWiw,2024-10-17
telepatía,Kali Uchis,6tDDoYIxWvMLTdKpjFkc1B,2020-12-04
Territorial,Kali Uchis,6PKoUpo9sis5LWkMXSck6f,2025-05-09
"Silk Lingerie,",Kali Uchis,4X1fVpNykfEhB3m54x3hHA,2025-05-09
It's Just Us,Kali Uchis,78oIDxTChs1EJrQwUc931r,2025-05-09
All I Can Say,Kali Uchis,6ewcR0FnLdKjIt9gcMghrQ,2025-05-09
Sunshine & Rain...,Kali Uchis,7lj0vXLgWbyB0BvCsk22hn,2025-05-09
Heaven is a Home…,Kali Uchis,7A6f6HJqsl5UdG7kBXzXSf,2025-05-09
Brooklyn Bridge To Chorus,The Strokes,2mDYYGaGd9uXKkK2YhDA3i,2020-04-10
The Boat I Row,Tame Impala,1HVYQj4liQb1QOygBfjZqV,2022-02-18
No Choice,Tame Impala,3kI3vRDwTbYs9O8svalUWu,2022-02-18
I Follow You,Melody's Echo Chamber,3EEzQDCP8jRl2pEt9eDKMO,2012-09-25
Powerlines,Tame Impala,7nmtH3cyqEmKz8F09V60yO,2017-11-16
LEO,AKIMSON,1wQsCynb9zccqZNtAz2CTd,2026-01-30
Eternal Summer,The Strokes,6IRzBP4gVoV4D2zHmocoWy,2020-04-10
At The Door,The Strokes,7lu6YLrlB1MU7HW8DJSuPa,2020-04-10
Selfless,The Strokes,2t0wwvR15fc3K1ey8OiOaN,2020-04-10
Elephant,Tame Impala,6qZjm61s6u8Ead9sWxCDro,2012-01-01
The Moment,Tame Impala,1UYj8qTWjneZJDVjUMwMub,2015-07-17
Ode To The Mets,The Strokes,1BLOVHYYlH4JUHQGcpt75R,2020-04-10
Rose Colored,Joji,74L1olIJZQKMDufUKgRTiu,2026-02-11
End Of Summer,Tame Impala,3McBKxKZLXbE4czUezk5QG,2025-10-17
Souk Eye,Gorillaz,4fjzDf54eBNOlW45mNe14U,2018-06-29
Borderline,Tame Impala,5hM5arv9KDbCHS0k9uqwjr,2020-02-14
Pink Ocean,The Voidz,4WFcerMZkAIcIizZYXNNrb,2018-03-30
Awam W Snine,Babylone,2RBIqyLmsLG1Q0GyCQfA86,2013-06-27
Leave It In My Dreams,The Voidz,31u6rUeIEXGrYVoh10U7eu,2018-03-30
Human Sadness,The Voidz,3YB9cvd668HXBEq8rbBW8P,2014-09-23
Warp Drive,The Symposium,1fmKuZ0x8dxCjoP0tUT9TO,2025-07-18
1AM FREESTYLE,Joji,7EAQfy8KYXbx2UqNF4envA,2022-11-04
Yay Yay Ya Nasseeny - Live from Baalbeck 1973,Georget Sayegh,0iLJ7hUnapsQqS3HzDoYRt,1973-01-01
Ana Le Habiby,Fairuz,7cjCNwAwKNjgxfjt1TzK4e,1995-01-01
"Alone, Together",The Strokes,4pXyK9GW7fuT645U0DLYYF,2001-07-30
Doing It Wrong,Drake,4eSGSqP2TZvvX0kadZZttM,2011-11-15
Die For You,The Weeknd,2Ch7LmS7r2Gy2kc64wv3Bz,2016-11-25
RUNITUP (feat. Teezo Touchdown),"Tyler, The Creator",0lXJL0unztXDdIOXu5xCML,2023-03-31
WHARF TALK (feat. A$AP Rocky),"Tyler, The Creator",3u9PAti8muEXXvEjeFpQK0,2023-03-31
Roses,Kanye West,37VEaFy0C5eOPdTIjiRwwh,2005-08-30
How Many Years,Yebba,4u7hPfDnZX5vTO0u5hltt9,2021-09-10
BITTERSUITE,Billie Eilish,7DpUoxGSdlDHfqCYj0otzU,2024-05-17
Digital Love,Daft Punk,2VEZx7NWsZ1D0eJ4uv5Fym,2001-03-12
Alright,Kendrick Lamar,3iVcZ5G6tvkXZkZKlMpIUs,2015-03-16
Hiyeeley,Dur-Dur Band,57IMQ4tIa8BraCzvwlc8jX,2018-09-14
Pendant,Cuco,45iJnPjul5yDYefM6GEYZB,2022-12-09
Flashing Lights,Kanye West,5TRPicyLGbAF2LGBFbHGvO,2007-09-11
Bound 2,Kanye West,3sNVsP50132BTNlImLx70i,2013-06-18
Heartless,Kanye West,4EWCNWgDS8707fNSZ1oaA5,2008-11-24
Lemonade (feat. NAV),Internet Money,1p0rEzrK7YtdRZVtiyV7RN,2020-08-28
E85,Don Toliver,3B4cjvGlPvyBLNG3AzEgkZ,2026-01-30
Gemstone,Don Toliver,6d9Cs2D2RSIl9c0ulgnFe8,2026-01-30
Champagne Poetry,Drake,2HSmyk2qMN8WQjuGhaQgCk,2021-09-03
Star67,Drake,2mmUoyPxzbxehpfm1TpTRK,2015-02-12
"God Is Fair, Sexy Nasty (feat. Kendrick Lamar)",Mac Miller,6hzbRKhJHo6cfCHSnNaDS8,2016-09-16
Soulmate,Mac Miller,2puHJmjL4jvO19aEA7kzcb,2016-09-16
ATM,Don Toliver,03auLpFLdCv4HozP4pQseu,2026-01-30
"Bitch, Don’t Kill My Vibe",Kendrick Lamar,5h5tBFnbcVioFXiOixTn6E,2012-10-22
Tuscan Leather,Drake,69gz9onZQNVw55cMQsaYii,2013-01-01
MAFIA,Travis Scott,08F16baYbciTva9P4BvpiI,2021-11-05
Love Yourz,J. Cole,2e3Ea0o24lReQFR4FA7yXH,2014-12-09
Family Business,Kanye West,5DBmXF7QO43Cuy9yqva116,2004-02-10
Less Than Zero,The Weeknd,2D4dV2KXDTszzJ3p3cFqhA,2022-01-06
Pink Matter,Frank Ocean,1fOkmYW3ZFkkjIdOZSf596,2012-07-10
On Sight,Kanye West,1gqkRc9WtOpnGIqxf2Hvzr,2013-06-18
Wesley's Theory,Kendrick Lamar,7Ks4VCY1wFebnOdJrM13t6,2015-03-16
"Sing About Me, I'm Dying Of Thirst",Kendrick Lamar,1Z2FvDFZSDQ23s4BDqpWqZ,2012-10-22
Sanctuary,Joji,0rOLFkjY5DSIViVBNnzOuK,2020-09-25
LOVE YOU LESS,Joji,5bhTUxSNkAZ4H3uFjSJRTY,2026-01-02
The Adults Are Talking,The Strokes,5ruzrDWcT0vuJIOMW7gMnW,2020-04-10
List Of People (To Try And Forget About),Tame Impala,01iiEi9h8CQGUN2K1xBbTj,2017-11-16
Kalimat,Majida El Roumi,1kzNSl6M58cxfr8ac6xvhw,1991-08-24
Foreword (feat. Rex Orange County),"Tyler, The Creator",33i3xxHB4YSYGYbtJrwwO8,2017-07-21
I Ain't Got Time!,"Tyler, The Creator",430qNtapCS3Ue1yoSql1oV,2017-07-21
IGOR'S THEME,"Tyler, The Creator",51RN0kzWd7xeR4th5HsEtW,2019-05-17
ARE WE STILL FRIENDS?,"Tyler, The Creator",5TxRUOsGeWeRl3xOML59Ai,2019-05-17
Voyager,Daft Punk,7cMFjxhbXBpOlais7KMF3j,2001-03-12
Save Your Tears,The Weeknd,5QO79kh1waicV47BqGRL3g,2020-03-20
In Your Eyes,The Weeknd,7szuecWAPwGoV1e5vGu8tl,2020-03-20
Hardest To Love,The Weeknd,6kWxIqQDsKFYCJGbU4AjCX,2020-03-20
Ya Ana Ya Ana,Fairuz,7rZeCLBcluVTGfwamW8osC,1972-01-01
Rajeen Ya Hawa,Fairuz,5ePg7cVMluGk2CAkA2PHKf,2017-02-01
Kan El Zamaan,Fairuz,6tZnlnmXrCvmfZ7X1X143w,1973-01-01
Bektoub Ismak Ya Habibi,Fairuz,061rTXN3Rdlvk0x3GDGtQy,1964-01-01
Ya Tair,Fairuz,0cmy2TM6lNsRFBcaZuss1D,1967-01-01
Hand Me Downs,Mac Miller,2Yv2mHzr5AQavVdwQjEokV,2020-01-17
Come Back to Earth,Mac Miller,01z2fBGB8Hl3Jd3zXe4IXR,2018-08-03
انا لحبيبي,Fairuz,2jloOCzp3ytbjqURJLyEmd,2013-02-09
Kizutsuitemo,Tomoki Hasegawa,38NvUrEdZkUFI41qvo4cja,2006-07-07
黒い涙 - TV Live Edition,ANNA TSUCHIYA inspi' NANA(BLACK STONES),1AnXS6kNg5KXTtDOIy8Cao,2007-02-28
黒い涙,ANNA TSUCHIYA inspi' NANA(BLACK STONES),26crqErNUxxXERxSfWm5Ku,2007-02-28
Saint Pablo,Kanye West,1o0kWPueYo94LIjPYOE5Nf,2016-06-10
HELICOPTER,A$AP Rocky,6zJ68ym0Buv2TpuUu8tw9A,2026-01-16
Fashion Killa,A$AP Rocky,0O3TAouZE4vL9dM5SyxgvH,2013
Far Away (feat. A$AP Rocky),Yebba,14qNHvX8h6HoynFuV0RxWS,2021-09-10
BLUE,Billie Eilish,2prqm9sPLj10B4Wg0wE5x9,2024-05-17
New Gold (feat. Tame Impala and Bootie Brown),Gorillaz,60SvhHtwefT0e2G7i7kOH3,2023-02-24
She's My Collar (feat. Kali Uchis),Gorillaz,3lIxtCaROdRDuTnNBDm3n2,2017-04-28
On Melancholy Hill,Gorillaz,0q6LuUqGLUiCPP1cbdwFs3,2010-03-05
Demons,Joji,77UXyXy6qie0sOtLdEIH4A,2018-02-14
Die For You,Joji,00WLowvlN5cjkYpQV6pjo4,2022-11-04
I Wish you Roses,Kali Uchis,6BQrmjAgPfPTwILoFEK3Hd,2023-01-19
Roses,Kanye West,2DHNCWZYmVr1Lv08q5b0kB,2005-08-30
اديش كان في ناس,Fairuz,7BDco92BzFxjd3BG0mWYhj,2013-05-30
Reflections,The Neighbourhood,2xql0pid3EUwW38AsywxhV,2018-11-02
Ew,Joji,1y9kw88x5zwG9Pyxu3veQ2,2020-09-24
i love you,Billie Eilish,6CcJMwBtXByIz4zQLzFkKc,2019-03-29
THE GREATEST,Billie Eilish,6TGd66r0nlPaYm3KIoI7ET,2024-05-17
TV,Billie Eilish,3GYlZ7tbxLOxe6ewMNVTkw,2022-07-21
Given Up On Me,The Weeknd,3niLgyM9yJTaZMpeXjjSSk,2025-01-30
Faith,The Weeknd,3orEOtd8CPL8GFlpRpKuoE,2020-03-20
Poison,Brent Faiyaz,5NijSs5dAwaIybq1GaRTIe,2016-08-03
Cry For Me,The Weeknd,3AWDeHLc88XogCaCnZQLVI,2025-01-31
Dontmakemefallinlove,Cuco,4Ooq4tmYpe3nZP1BnCtsWM,2018-05-04
I Love Her Again,J. Cole,5pjf75G1zn9EEFa8iaCV5h,2026-02-06
Helwa Ya Baladi,Dalida,6AfnfhQ1eGCnnpOCFFuNgj,1999-01-01
Zina,Raïna Raï,7x55X0JW8JHz7alDVUG5FH,1999-06-29
Lw Kan,El Shab Arab,2ov40EF0gnt0t72ilfoXqV,1993-01-01
Ouda,Hamid Al Shaeri,3x9BHDNsyg50xSEzmLMyUd,1987-12-31
Loser,Tame Impala,3dRRam4ZHVYRefzJA79cns,2025-09-26
눈물이 난다,Lee Sang Gon,43CwQ5fNKJpCp8aWPiE3mJ,2009-03-06
Heseeny,TUL8TE,6AOmVuYPC8WJN0hzZ1ODIj,2025-07-31
Beiny We Beinak - Live,Hoda Haddad,3XyvgKHmrWHV9wxQwbwGSJ,1979-01-01
Kan Inna Tahoun,Fairuz,1nbqpwGdw0TkLFYlAIjOyH,2017-01-21
Ew,Joji,7xcUWyLh6fIMsYjoVI7NnZ,2020-09-25
Glimpse of Us,Joji,4ewazQLXFTDC8XvCbhvtXs,2022-11-04
PIXELATED KISSES (with Yeat) (Remix),Joji,4sl5oBBHlkqcreamWfcj3V,2025-12-03
Fragments (with Don Toliver),Joji,3YklYihQWWUR2UoeupRp6H,2026-02-06
Past Won't Leave My Bed,Joji,3J44gxX4AcRApFyympWPIB,2026-02-06
Sojourn,Joji,3xXJHuTxbSF69tfqg061iT,2026-02-06
Wahdon,Fairuz,0D9yc110AaVMweJLTKVFjJ,1979-01-01
Lost In Yesterday,Tame Impala,5JWPUEov2wlX7c0jhYZpeB,2020-02-14
Why Won't They Talk To Me?,Tame Impala,6IM45SqAURH6PrvziDs1RQ,2012-01-01
Eventually,Tame Impala,5M4yti0QxgqJieUYaEXcpw,2015-07-17
listen before i go,Billie Eilish,0tMSssfxAL2oV8Vri0mFHE,2019-03-29
Kedeish Kan Fe Nas,Fairuz,4ph3TGED6e9ycyTq4LYBn4,2018-09-28
QYURRYUS,The Voidz,6pMRk6Tr05wmZSSINOqzE3,2018-03-30
Posthumous Forgiveness,Tame Impala,1KcOU0q9AMXV9xi4tSzzCc,2020-02-14
